day_of_week,Close
Friday,40.62164777416871
Monday,40.50195908524594
Thursday,40.806781606722254
Tuesday,40.91123196690659
Wednesday,40.772520541446475
